<?xml version="1.0" encoding="UTF-8"?>
<project-private xmlns="http://www.netbeans.org/ns/project-private/1">
    <editor-bookmarks xmlns="http://www.netbeans.org/ns/editor-bookmarks/2" lastBookmarkId="0"/>
    <open-files xmlns="http://www.netbeans.org/ns/projectui-open-files/2">
        <group>
            <file>file:/D:/Fifth(5'th)%20Semester/Advanced%20Java%20Programming%20%20%20%20%20%20(01CE0502)/Hostel%20Management%20System%20-main/web/student.jsp</file>
            <file>file:/D:/Fifth(5'th)%20Semester/Advanced%20Java%20Programming%20%20%20%20%20%20(01CE0502)/Hostel%20Management%20System%20-main/src/java/request.java</file>
            <file>file:/D:/Fifth(5'th)%20Semester/Advanced%20Java%20Programming%20%20%20%20%20%20(01CE0502)/Hostel%20Management%20System%20-main/web/request.png</file>
            <file>file:/D:/Fifth(5'th)%20Semester/Advanced%20Java%20Programming%20%20%20%20%20%20(01CE0502)/Hostel%20Management%20System%20-main/web/WEB-INF/web.xml</file>
            <file>file:/D:/Fifth(5'th)%20Semester/Advanced%20Java%20Programming%20%20%20%20%20%20(01CE0502)/Hostel%20Management%20System%20-main/web/deletereq.jsp</file>
            <file>file:/D:/Fifth(5'th)%20Semester/Advanced%20Java%20Programming%20%20%20%20%20%20(01CE0502)/Hostel%20Management%20System%20-main/web/wardenr.jsp</file>
            <file>file:/D:/Fifth(5'th)%20Semester/Advanced%20Java%20Programming%20%20%20%20%20%20(01CE0502)/Hostel%20Management%20System%20-main/web/wardenc.jsp</file>
            <file>file:/D:/Fifth(5'th)%20Semester/Advanced%20Java%20Programming%20%20%20%20%20%20(01CE0502)/Hostel%20Management%20System%20-main/src/java/reqandcomp.java</file>
            <file>file:/D:/Fifth(5'th)%20Semester/Advanced%20Java%20Programming%20%20%20%20%20%20(01CE0502)/Hostel%20Management%20System%20-main/web/complain.html</file>
            <file>file:/D:/Fifth(5'th)%20Semester/Advanced%20Java%20Programming%20%20%20%20%20%20(01CE0502)/Hostel%20Management%20System%20-main/web/warden.html</file>
            <file>file:/D:/Fifth(5'th)%20Semester/Advanced%20Java%20Programming%20%20%20%20%20%20(01CE0502)/Hostel%20Management%20System%20-main/src/java/LoginDaow.java</file>
            <file>file:/D:/Fifth(5'th)%20Semester/Advanced%20Java%20Programming%20%20%20%20%20%20(01CE0502)/Hostel%20Management%20System%20-main/web/home.html</file>
            <file>file:/D:/Fifth(5'th)%20Semester/Advanced%20Java%20Programming%20%20%20%20%20%20(01CE0502)/Hostel%20Management%20System%20-main/web/warden.jsp</file>
            <file>file:/D:/Fifth(5'th)%20Semester/Advanced%20Java%20Programming%20%20%20%20%20%20(01CE0502)/Hostel%20Management%20System%20-main/src/java/complaint.java</file>
            <file>file:/D:/Fifth(5'th)%20Semester/Advanced%20Java%20Programming%20%20%20%20%20%20(01CE0502)/Hostel%20Management%20System%20-main/web/Registratioin.jpg</file>
            <file>file:/D:/Fifth(5'th)%20Semester/Advanced%20Java%20Programming%20%20%20%20%20%20(01CE0502)/Hostel%20Management%20System%20-main/web/registration.jsp</file>
            <file>file:/D:/Fifth(5'th)%20Semester/Advanced%20Java%20Programming%20%20%20%20%20%20(01CE0502)/Hostel%20Management%20System%20-main/src/java/LoginDao.java</file>
            <file>file:/D:/Fifth(5'th)%20Semester/Advanced%20Java%20Programming%20%20%20%20%20%20(01CE0502)/Hostel%20Management%20System%20-main/web/deletecomp.jsp</file>
            <file>file:/D:/Fifth(5'th)%20Semester/Advanced%20Java%20Programming%20%20%20%20%20%20(01CE0502)/Hostel%20Management%20System%20-main/src/java/login1.java</file>
            <file>file:/D:/Fifth(5'th)%20Semester/Advanced%20Java%20Programming%20%20%20%20%20%20(01CE0502)/Hostel%20Management%20System%20-main/web/request.jsp</file>
            <file>file:/D:/Fifth(5'th)%20Semester/Advanced%20Java%20Programming%20%20%20%20%20%20(01CE0502)/Hostel%20Management%20System%20-main/web/complaint.jsp</file>
            <file>file:/D:/Fifth(5'th)%20Semester/Advanced%20Java%20Programming%20%20%20%20%20%20(01CE0502)/Hostel%20Management%20System%20-main/web/login.html</file>
            <file>file:/D:/Fifth(5'th)%20Semester/Advanced%20Java%20Programming%20%20%20%20%20%20(01CE0502)/Hostel%20Management%20System%20-main/web/warden.jpg</file>
            <file>file:/D:/Fifth(5'th)%20Semester/Advanced%20Java%20Programming%20%20%20%20%20%20(01CE0502)/Hostel%20Management%20System%20-main/src/java/registration/registration.java</file>
            <file>file:/D:/Fifth(5'th)%20Semester/Advanced%20Java%20Programming%20%20%20%20%20%20(01CE0502)/Hostel%20Management%20System%20-main/web/request.html</file>
        </group>
    </open-files>
</project-private>
